PC,ExplainedVariance
1,0.3289415202250013
2,0.2533143655661995
3,0.2297003320636906
4,0.06517431819209965
5,0.056003759484565346
6,0.035222945305324715
7,0.03164275916311892
8,8.57658705476948e-31
